Title,Rating,Price,Seller,SellerURL,BulletPoints,ImageURL,FullDescription

"GeekShare Cat Paw Controller Skin for Xbox Series X, Anti-Slip Silicone Cover Protector Case Compatible with Xbox S/X Controller with 2 Cat Paw Thumb Grips Caps, Pink",4.8 ,15.99,GeekShare,www.amazon.co.uk/stores/GeekShare/page/572FE2CF-CB33-4DAB-AB1D-B7113400FDFD,"Full ProtectionThe precisely cut silicone cover skin provides comprehensive and reliable protection for the Xbox Series X controller, preventing scratches, dirt and falling caused by daily use.
Package Includes1* silicone controller skin + 1* customized sticker + 1 pair of thumb grip caps.Controller and other accessories are NOT included.
Enhance Gaming ExperienceThe surface of the non-slip silicone handle is designed with little cat paw shaped grooves to optimize the airflow, keep your hands cool and prevent slipping.Therefore, this controller skin can enhance your gaming experience.
Original DesignThe cute cat ears and paw designd controller skin and matching stickers and grips protect your handle while still keep your controller stylish and eye-catching.
Quality/WarrantyIf you find any problems (damage, scratches, dirt, etc.), please feel free to contact us. Our shop always strives for customer satisfaction and always does our best to meet customer needs with better quality.",https://m.media-amazon.com/images/I/51lIz-e-RNL.__AC_SY300_SX300_QL70_ML2_.jpg,GeekShare Controller Skin Collections            PS4 Controller Skin            Switch Pro Controller Skin            XBOX Series X Controller Skin         Material   Soft Silicone     Material   Soft Silicone     Material   Soft Silicone       Compatible Model   PS4 Controller Only     Compatible Model   Switch Pro Wireless Controller Only     Compatible Model   XBOX Series X Controller Only

Trintion Cat Scratching Post 74cm Foldable Bottom Tall Cat Claw Scratcher with 1 Toy Ball Natural Sisal Scratch Pole and Soft Carpet Covered Heavy Base Modern Stable Design for Cats Gray,4.4 ,14.59,Trintion,www.amazon.co.uk/stores/Trintion/page/3A2F4C9C-B97E-4495-A9A5-35479E185B2C,"[Value for money] Indoor Cat Scratch Post is a comfortable place to scratch, stretch, and play with a 74cm tall cat scratching post. The natural sisal scratch pole and soft carpet base provide a safe and stable environment for your cat to enjoy. The base is substantial enough for the pole not to be tipped over. The dangling ball is a wonderful plus!
[NATURAL ENVIRONMENTAL PROTECTION] The natural wear-resistant woven sisal-wrapped column is supported by a firm and soft plush base, which is safe and stable, avoids tipping and shaking, provides reliability and stability, and will add attractiveness and stability to any cat owners home. Cat Scratching Board Stretch is designed for all sizes of cats from kittens to adults, except huge ones.
[PROTECT YOUR FURNITURE] The scratcher made of high-quality sisal helps to keep the cats paws in good condition while preventing damage to your furniture, goodbye to scratched-up couches and chairs! Modern cat furniture Cat scratch tower helps keep your cat's claws healthy while protecting your furniture from damage.
[EASY TO ASSEMBLE] This cat tree has few parts and requires a small amount of assembly. It is very easy to set up through clear instructions. Lovely well made and put together in minutes. and compact enough to squeeze into a smaller home.
[SUPER STRONG STRUCTURE] Cat scratching post is made with a wear-resistant natural sisal wrapping column and a soft plush base, making it strong enough to withstand even the most energetic cats. Your kittens will just love climbing up the pole and rolling around or napping on the base. Meanwhile, wound sisal rope will help adult cats naturally wear down their own claws.

  See more product details",https://m.media-amazon.com/images/I/71cuk1UQQzL.__AC_SX300_SY300_QL70_ML2_.jpg,"Creating a play world for cats   We are the creators of playgrounds for cats, and we are the progressive ones who are interested in improving the play experience of cats.  


 Trintion 74 cm Tall Cat Scratching Post   This Tall cat scratching post is applied with premium material and structure, durable.   The Cat Scratching Post is made of high-quality sisal. Cat scratching post can help relieve stress in cats, remove old material from their claws, and keep them in good shape. It also prevents your furniture from getting scratched!  
    Total height : 29 in / 74 cm     Platforms measure : 15.7 x 15.7 in / 40 x 40 cm     Easy to assemble and disassemble     All tools are included     
















 





 





 





 






 SISAL MATERIAL   High-Quality Sisal Material, It can protect the safety of cat's claws very well. Sisal is very attractive for cats.  



 PROTECT YOUR FURNITURE   The Cat Scratching Post made of high-quality sisal helps to prevent damage to your furniture, allowing your cat to scratch and stretch without damaging the furniture.  



 EASY TO ASSEMBLE   This cat tree has few parts and requires a small amount of assembly. It is very easy to set up through clear instructions.  



 SUPER STRONG STRUCTURE   Base tower are made with heavy chipboard covered with soft plush, safe and stable, avoid tipping and wobbling, provides reliability and stability.  













 














 



 



 



 






                                          74cm Cat Scratch Post 



                                          74cm Cat Scratch Post 



                                          62cm Cat Scratch Post 



                                          74cm Cat Scratch Post 





 
    
 Add To Basket  
 

 
    
 Add To Basket  
 

 
    
 Add To Basket  
 

 
    
 Add To Basket  
 



 Customer Reviews  
 


4.4 out of 5 stars 
761
   


4.4 out of 5 stars 
761
   


4.4 out of 5 stars 
761
   


4.4 out of 5 stars 
761
  


 Price  
 14.5914.59   14.9914.99   12.9912.99   15.1915.19  


 Toy ball  
  1     1     0     4   


 Size  
  74cm     74cm     62cm     74cm   


 Color  
  Gray     Cream     Gray     Gray"

"Enjamoy Plush Donut Dog Bed, Calming Round Dog Cat Bed Soft and Fluffy Cuddler Pet Cushion Self-Warming Puppy Beds Machine Washable, Grey 60cm",4.4 ,17.84,Enjamoy,www.amazon.co.uk/stores/AlezyB/page/76BB3C5C-1356-4472-8239-82BF2BC1ED7A,"ULTRA COMFORT: Our round dog bed is made of premium plush, breathable, skin-friendly material. Super soft and fluffy. With the extra thick pp cotton filling, your pet rests as if on clouds. Also offers joint and muscle pain relief.
ANTI-SLIP BACK: The Non-skid bottom have plastic gripped bobbles, keeps pet bed in place, not easy to slip and pill. The bottom is waterproof and mildew proof, you can put it anywhere you want.
SUPPORTS BETTER SLEEP: Raised rim design is very helpful to support your darling head and neck, relieve anxiety, anti stress, allowing pets to enter deep sleep. Donut design is ideal for pets who love to curl up, creates a sense of security. Help your pets improve behavior and better health.
SIZE for MOST PETS: Four sizes available, M is suitable for small puppy or cat or rabbit up to 4kg/9lb. L is suitable for dogs up to 8kg/18lb. XL is suitable for pets up to 13kg/29lb. XXL is suitable for pets up to 21kg/46lb. If your dog prefers to spread out while they sleep or If your dog is In-Between sizes, we recommend sizing up to be more comfortable.
EASY TO CARE: Hand washable or Please machine wash the whole pet bed separately with cold water in a gentle cycle. Do not bleach. Tumble dry low. NOTE: Because of Vacuum packaging, the bed may looks flat when you first open, please shake, pat the bed and wait for 1-2 days to make it back to fluffy status before using!

  See more product details",https://m.media-amazon.com/images/I/71oybPdQrUL.__AC_SY300_SX300_QL70_ML2_.jpg,"From the brand 









 

 Enjamoy   Get a cozy space for your furry friends  




     


 

 Welcome to Enjamoy store, we are committed to make the best and coziest beds for your furry friend. All pets are our family, they deserve the best. We design high quality and affordable beds with pets and their owners in mind.   We select pet-safe and high-quality materials to create a comfortable, safe and warm bed for pets, so that pets can find a real sense of belonging. Enjamoy has always been the best companion for pets.  



  



   

   



   

   


 MULTI SIZE DOG BED  



  


 

 Super Cozy Dog Cat Bed  



  


 

 Fluffy Donut Cat Bed  



  


 

 Calming Donut Dog Bed  



  


 

 Large Dog Bed"

